U+2003,U+200B,U+200B,U+200B,U+200B,U+200B,U+200B,U+200B,U+200B,U+200B,U+200B,U+200B,U+200B,U+200B,U+200B,U+200B,U+200B,U+200B,U+200B,U+200B,U+200B,U+200B,U+200B,U+2003,U+200B,U+200B,U+200B,U+200B,U+200B,U+200B,U+200B,U+200B,U+200B,U+2003,U+200B,U+200B,U+200B,U+200B,U+200B,U+2003,U+200B,U+200B,U+200B,U+200B,U+200B,U+200B,U+200B,U+200B,U+200B,U+200B,U+200B,U+200B,U+200B,U+200B,U+200B,U+200B,U+200B,U+200B,U+200B,U+200B,U+200B,U+200B,U+200B,U+2003,U+2003,U+200B,U+200B,U+200B,U+200B,U+200B,U+200B,U+200B,U+200B,U+200B,U+200B,U+200B,U+200B,U+200B,U+200B,U+200B,U+200B,U+2003,U+200B,U+200B,U+200B,U+200B,U+200B,U+200B,U+200B,U+200B,U+200B,U+200B,U+200B,U+200B,U+200B,U+200B,U+200B,U+200B,U+200B,U+200B,U+200B,U+200B,U+200B,U+2003,U+200B,U+200B,U+200B,U+200B,U+200B,U+200B,U+200B,U+200B,U+200B,U+200B,U+200B,U+200B,U+200B,U+200B,U+200B,U+200B,U+200B,U+200B,U+200B,U+200B,U+200B,U+200B,U+200B,U+200B,U+200B,U+200B,U+2003,U+200B,U+200B,U+200B,U+200B,U+200B,U+200B,U+200B,U+200B,U+200B,U+200B,U+200B,U+200B,U+200B,U+200B,U+200B,U+200B,U+200B,U+200B,U+200B,U+200B,U+200B,U+200B,U+200B,U+200B,U+200B,U+200B,U+2003,U+200B,U+200B,U+200B,U+200B,U+200B,U+200B,U+200B,U+200B,U+200B,U+200B,U+200B,U+200B,U+2003,U+200B,U+200B,U+200B,U+200B,U+200B,U+2003,U+2003,U+200B,U+200B,U+200B,U+200B,U+200B,U+200B,U+200B,U+200B,U+200B,U+2003,U+200B,U+200B,U+200B,U+200B,U+200B,U+200B,U+200B,U+200B,U+200B,U+200B,U+200B,U+200B,U+200B,U+200B,U+2003,U+2003,U+200B,U+2003,U+200B,U+200B,U+200B,U+200B,U+200B,U+200B,U+200B,U+200B,U+200B,U+200B,U+200B,U+200B,U+200B,U+200B,U+200B,U+200B,U+200B,U+200B,U+2003,U+200B,U+200B,U+200B,U+200B,U+200B,U+200B,U+200B,U+200B,U+200B,U+2003,U+200B,U+2003,U+200B,U+200B,U+200B,U+200B,U+200B,U+200B,U+200B,U+200B,U+200B,U+200B,U+200B,U+200B,U+2003,U+2003,U+200B,U+200B,U+200B,U+200B,U+200B,U+200B,U+200B,U+200B,U+200B,U+200B,U+200B,U+200B,U+200B,U+200B,U+200B,U+200B,U+200B,U+200B,U+200B,U+200B,U+200B,U+2003,U+200B,U+200B,U+200B,U+200B,U+200B,U+200B,U+200B,U+200B,U+200B,U+200B,U+200B,U+200B,U+200B,U+200B,U+2003,U+200B,U+200B,U+200B,U+200B,U+200B,U+200B,U+200B,U+200B,U+200B,U+2003,U+200B,U+200B,U+200B,U+2003,U+200B,U+200B,U+200B,U+200B,U+200B,U+200B,U+200B,U+200B,U+200B,U+200B,U+200B,U+200B,U+200B,U+200B,U+200B,U+2003,U+200B,U+200B,U+200B,U+200B,
U+000A,U+200B,U+200B,U+200B,U+200B,U+200B,U+2003,U+2003,U+200B,U+200B,U+200B,U+200B,U+200B,U+200B,U+200B,U+200B,U+200B,U+200B,U+200B,U+200B,U+200B,U+2003,U+200B,U+200B,U+200B,U+200B,U+200B,U+200B,U+200B,U+200B,U+200B,U+200B,U+200B,U+200B,U+200B,U+200B,U+200B,U+200B,U+200B,U+200B,U+200B,U+2003,U+2003,U+200B,U+200B,U+200B,U+200B,U+200B,U+200B,U+200B,U+200B,U+200B,U+200B,U+200B,U+200B,U+200B,U+200B,U+200B,U+200B,U+200B,U+200B,U+200B,U+3164,U+200B,U+200B,U+200B,U+200B,U+200B,U+200B,U+200B,U+200B,U+200B,U+2004,U+200B,U+200B,U+200B,U+200B,U+200B,U+200B,U+200B,U+200B,U+200B,U+200B,U+200B,U+200B,U+200B,U+200B,U+2004,U+200B,U+200B,U+200B,U+200B,U+200B,U+200B,U+200B,U+2004,U+200B,U+200B,U+200B,U+200B,U+200B,U+200B,U+200B,U+200B,U+200B,U+200B,U+200B,U+200B,U+2004,U+200B,U+200B,U+200B,U+200B,U+200B,U+2004,U+2004,U+200B,U+200B,U+200B,U+200B,U+200B,U+200B,U+200B,U+200B,U+200B,U+200B,U+200B,U+200B,U+200B,U+200B,U+200B,U+200B,U+200B,U+200B,U+200B,U+2004,U+200B,U+200B,U+200B,U+200B,U+200B,U+200B,U+200B,U+200B,U+200B,U+200B,U+200B,U+200B,U+200B,U+200B,U+200B,U+200B,U+2004,U+200B,U+2004,U+200B,U+200B,U+200B,U+2004,U+200B,U+200B,U+200B,U+200B,U+200B,U+2004,U+200B,U+200B,U+200B,U+200B,U+2004,U+2003,U+200B,U+200B,U+200B,U+200B,U+200B,U+200B,U+200B,U+200B,U+200B,U+200B,U+200B,U+200B,U+200B,U+200B,U+200B,U+200B,U+200B,U+200B,U+200B,U+200B,U+2004,U+200B,U+200B,U+200B,U+200B,U+200B,U+200B,U+200B,U+200B,U+2004,U+200B,U+200B,U+200B,U+200B,U+200B,U+2004,U+200B,U+200B,U+200B,U+200B,U+200B,U+200B,U+200B,U+200B,U+200B,U+200B,U+200B,U+200B,U+200B,U+200B,U+2004,U+2004,U+200B,U+200B,U+200B,U+200B,U+200B,U+200B,U+200B,U+200B,U+200B,U+200B,U+200B,U+200B,U+200B,U+200B,U+200B,U+2004,U+200B,U+200B,U+200B,U+200B,U+200B,U+200B,U+200B,U+200B,U+200B,U+200B,U+200B,U+200B,U+200B,U+200B,U+200B,U+200B,U+200B,U+200B,U+2004,U+200B,U+200B,U+200B,U+200B,U+2004,U+200B,U+200B,U+200B,U+200B,U+200B,U+2004,U+200B,U+200B,U+200B,U+200B,U+200B,U+200B,U+200B,U+200B,U+200B,U+200B,U+200B,U+200B,U+200B,U+200B,U+200B,U+200B,U+200B,U+200B,U+205F,U+2005,U+200B,U+200B,U+200B,U+200B,U+200B,U+200B,U+200B,U+200B,U+200B,U+200B,U+200B,U+200B,U+200B,U+200B,U+200B,U+200B,U+200B,U+200B,U+200B,U+205F,U+200B,U+200B,U+200B,U+200B,U+200B,U+200B,U+200B,U+200B,U+200B,U+200B,U+200B,U+200B,U+200B,U+200B,U+200B,U+200B,U+200B,U+200B,U+200B,U+200B,U+200B,U+2004,U+200B,U+200B,U+2004,U+200B,U+200B,U+200B,U+200B,U+200B,U+200B,U+200B,U+200B,U+200B,U+200B,U+200B,U+200B,U+200B,U+200B,U+200B,U+200B,U+2004,U+200B,U+200B,U+200B,U+200B,U+200B,U+200B,U+200B,U+200B,U+200B,U+200B,U+200B,U+200B,U+200B,U+200B,U+200B,U+200B,U+200B,U+200B,U+200B,U+200B,U+200B,U+2004,U+200B,U+200B,U+200B,U+200B,U+200B,U+200B,U+200B,U+200B,U+200B,U+200B,U+200B,U+200B,U+200B,U+200B,U+200B,U+200B,U+200B,U+200B,U+200B,U+200B,U+200B,U+200B,U+200B,U+200B,U+200B,U+200B,U+2004,U+200B,U+200B,U+200B,U+200B,U+200B,U+200B,U+200B,U+200B,U+200B,U+200B,U+200B,U+200B,U+200B,U+200B,U+200B,U+200B,U+200B,U+200B,U+200B,U+200B,U+200B,U+200B,U+200B,U+200B,U+200B,U+200B,U+2004,U+200B,U+200B,U+200B,U+200B,U+200B,U+200B,U+200B,U+200B,U+200B,U+200B,U+200B,U+200B,U+2004,U+200B,U+200B,U+200B,U+200B,U+200B,U+2004,U+2004,U+200B,U+2004,U+200B,U+200B,U+200B,U+200B,U+200B,U+200B,U+200B,U+200B,U+200B,U+200B,U+200B,U+200B,U+200B,U+200B,U+2004,U+200B,U+200B,U+200B,U+200B,U+200B,U+200B,U+200B,U+200B,U+200B,U+200B,U+200B,U+200B,U+200B,U+200B,U+200B,U+200B,U+200B,U+200B,U+200B,U+2004,U+200B,U+200B,U+200B,U+200B,U+200B,U+200B,U+200B,U+200B,U+200B,U+200B,U+200B,U+200B,U+200B,U+200B,U+200B,U+200B,U+200B,U+200B,U+200B,U+200B,U+200B,U+200B,U+200B,U+2004,U+200B,U+200B,U+200B,U+200B,U+200B,U+2004,U+200B,U+200B,U+200B,U+200B,U+200B,U+200B,U+200B,U+200B,U+200B,U+200B,U+200B,U+200B,U+200B,U+200B,U+200B,U+200B,U+200B,U+200B,U+2004,U+200B,U+200B,U+200B,U+200B,U+200B,U+200B,U+200B,U+200B,U+200B,U+200B,U+200B,U+200B,U+200B,U+200B,U+200B,U+200B,U+200B,U+200B,U+200B,U+2005,U+FFA0,U+200B,U+200B,U+200B,U+200B,U+200B,U+200B,U+200B,U+200B,U+2005,U+200B,U+2004,U+200B,U+200B,U+200B,U+200B,U+200B,U+200B,U+200B,U+200B,U+200B,U+2004,U+200B,U+200B,U+200B,U+200B,U+200B,U+200B,U+200B,U+200B,U+200B,U+200B,U+200B,U+200B,U+200B,U+200B,U+200B,U+200B,U+200B,U+200B,U+2004,U+2004,U+200B,U+200B,U+200B,U+200B,U+200B,U+2004,U+200B,U+200B,U+200B,U+200B,U+200B,U+200B,U+200B,U+200B,U+200B,U+200B,U+200B,U+200B,U+200B,U+200B,U+2004,U+2004,U+200B,U+200B,U+200B,U+200B,U+200B,U+200B,U+200B,U+200B,U+200B,U+200B,U+200B,U+200B,U+200B,U+200B,U+200B,U+200B,U+200B,U+200B,U+200B,U+2003,U+200B,U+200B,U+200B,U+200B,U+200B,U+2003,U+200B,U+200B,U+200B,U+200B,U+200B,U+200B,U+200B,U+200B,U+200B,U+200B,U+200B,U+200B,U+200B,U+200B,U+200B,U+200B,U+2004,U+200B,U+2004,U+200B,U+200B,U+200B,U+200B,U+200B,U+200B,U+200B,U+200B,U+200B,U+200B,U+200B,U+200B,U+200B,U+200B,U+200B,U+200B,U+200B,U+200B,U+2004,U+200B,U+2005,U+200B,U+200B,U+200B,U+200B,U+200B,U+200B,U+200B,U+200B,U+200B,U+200B,U+200B,U+200B,U+200B,U+200B,U+200B,U+200B,U+200B,U+200B,U+200B,U+200B,U+2005,U+200B,U+200B,U+200B,U+200B,U+200B,U+200B,U+200B,U+200B,U+200B,U+200B,U+200B,U+200B,U+200B,U+200B,U+200B,U+FFA0,U+200B,U+200B,U+200B,U+200B,U+200B,U+200B,U+200B,U+200B,U+200B,U+200B,U+200B,U+200B,U+200B,U+200B,U+200B,U+200B,U+200B,U+200B,U+2028,
U+000A,U+2003,U+200B,U+200B,U+200B,U+200B,U+200B,U+200B,U+200B,U+200B,U+200B,U+2003,U+200B,U+200B,U+200B,U+200B,U+2003,U+200B,U+200B,U+200B,U+200B,U+200B,U+2003,U+200B,U+200B,U+200B,U+200B,U+200B,U+200B,U+200B,U+200B,U+200B,U+200B,U+200B,U+200B,U+200B,U+200B,U+200B,U+2003,U+200B,U+200B,U+200B,U+200B,U+200B,U+200B,U+200B,U+2005,U+200B,U+200B,U+200B,U+200B,U+200B,U+200B,U+200B,U+200B,U+200B,U+200B,U+200B,U+200B,U+200B,U+200B,U+200B,U+200B,U+200B,U+200B,U+2005,U+200B,U+FFA0,U+200B,U+200B,U+200B,U+200B,U+200B,U+200B,U+200B,U+200B,U+200B,U+200B,U+200B,U+200B,U+200B,U+200B,U+200B,U+200B,U+2004,U+200B,U+200B,U+200B,U+200B,U+200B,U+200B,U+200B,U+200B,U+2004,U+200B,U+200B,U+200B,U+200B,U+200B,U+200B,U+200B,U+200B,U+200B,U+2004,U+200B,U+200B,U+200B,U+2004,U+2004,U+200B,U+200B,U+200B,U+200B,U+200B,U+200B,U+2004,U+200B,U+200B,U+200B,U+200B,U+200B,U+200B,U+200B,U+200B,U+200B,U+2004,U+200B,U+200B,U+200B,U+200B,U+200B,U+200B,U+200B,U+2004,U+200B,U+200B,U+200B,U+200B,U+200B,U+200B,U+200B,U+200B,U+200B,U+200B,U+200B,U+200B,U+200B,U+200B,U+200B,U+200B,U+200B,U+200B,U+200B,U+200B,U+200B,U+2004,U+200B,U+200B,U+200B,U+200B,U+200B,U+200B,U+200B,U+200B,U+200B,U+200B,U+200B,U+200B,U+200B,U+200B,U+200B,U+200B,U+200B,U+200B,U+2004,U+200B,U+200B,U+200B,U+200B,U+200B,U+2004,U+2004,U+200B,U+200B,U+200B,U+200B,U+200B,U+200B,U+200B,U+200B,U+200B,U+200B,U+200B,U+200B,U+200B,U+200B,U+200B,U+200B,U+2003,U+200B,U+200B,U+200B,U+200B,U+200B,U+200B,U+200B,U+200B,U+200B,U+200B,U+200B,U+200B,U+200B,U+200B,U+200B,U+200B,U+200B,U+200B,U+200B,U+200B,U+200B,U+2004,U+200B,U+200B,U+200B,U+200B,U+200B,U+200B,U+200B,U+200B,U+200B,U+200B,U+200B,U+200B,U+200B,U+200B,U+2004,U+200B,U+200B,U+200B,U+3164,U+200B,U+200B,U+200B,U+200B,U+200B,U+200B,U+200B,U+200B,U+200B,U+200B,U+200B,U+200B,U+200B,U+200B,U+200B,U+200B,U+200B,U+200B,U+200B,U+200B,U+2007,U+200B,U+200B,U+200B,U+200B,U+200B,U+200B,U+200B,U+200B,U+200B,U+200B,U+200B,U+200B,U+200B,U+200B,U+200B,U+200B,U+200B,U+200B,U+200B,U+200B,U+200B,U+2006,U+200B,U+2007,U+200B,U+200B,U+200B,U+200B,U+200B,U+200B,U+200B,U+200B,U+200B,U+200B,U+200B,U+200B,U+200B,U+200B,U+200B,U+200B,U+200B,U+200B,U+200B,U+200B,U+2004,U+200B,U+200B,U+200B,U+200B,U+200B,U+200B,U+200B,U+200B,U+200B,U+205F,U+200B,U+200B,U+200B,U+200B,U+200B,U+200B,U+200B,U+200B,U+200B,U+200B,U+200B,U+200B,U+200B,U+200B,U+200B,U+2004,U+200B,U+200B,U+200B,U+200B,U+200B,U+200B,U+200B,U+200B,U+200B,U+200B,U+200B,U+200B,U+200B,U+200B,U+2007,U+2007,U+2004,U+2004,U+2007,U+2006,U+2007,U+2007,U+2007,U+205F,U+205F,U+205F,U+2007,U+2007,U+2007,U+2007,U+2004,U+2004,U+2005,U+2006,U+2003,U+2003,U+2004,U+2004,U+2004,U+3164,U+2029,
U+000A,U+2003,U+2003,U+2003,U+2003,U+2003,U+3164,U+2004,U+2004,U+2004,U+2004,U+2004,U+2004,U+2004,U+2004,U+2004,U+2004,U+2004,U+2004,U+2003,U+3164,U+2004,U+2004,U+2004,U+2004,U+2004,U+2004,U+205F,U+2005,U+205F,U+2004,U+2004,U+2004,U+2004,U+2004,U+2004,U+2006,U+2004,U+2004,U+2004,U+2004,U+2004,U+2004,U+2004,U+2004,U+2004,U+2004,U+2004,U+205F,U+2004,U+2004,U+2004,U+2004,U+2004,U+2004,U+2005,U+2003,U+2003,U+2004,U+2004,U+2004,U+2005,U+2005,U+FFA0,U+2028,
U+000A,U+2003,U+2003,U+2003,U+2003,U+2003,U+2004,U+2004,U+2004,U+2004,U+2004,U+2004,U+2004,U+2004,U+2004,U+2004,U+2004,U+2004,U+2004,U+2004,U+2004,U+2003,U+2005,U+2007,U+2007,U+2006,U+2007,U+2007,U+2007,U+2007,U+2007,U+2004,U+205F,U+2004,U+2004,U+2004,U+2004,U+2005,U+2006,U+2004,U+2004,U+2004,U+2004,U+2007,U+2006,U+2007,U+205F,U+205F,U+205F,U+2007,U+2006,U+2007,U+2007,U+2005,U+2003,U+2003,U+2004,U+2004,U+2004,U+3164,U+2028,
U+000A,U+2003,U+2003,U+2003,U+2003,U+2003,U+2004,U+2004,U+2004,U+2004,U+2004,U+2004,U+2004,U+2004,U+2004,U+2004,U+2004,U+2004,U+2004,U+2004,U+2004,U+2003,U+2004,U+2004,U+2004,U+2004,U+2004,U+2004,U+2004,U+2004,U+2004,U+2004,U+2004,U+2004,U+2004,U+205F,U+2004,U+2007,U+2007,U+2007,U+2007,U+2007,U+2004,U+2005,U+2005,U+2004,U+2004,U+2004,U+205F,U+2004,U+2004,U+2004,U+2004,U+2004,U+2004,U+2005,U+2003,U+2003,U+2004,U+2004,U+2004,U+2005,U+2005,U+FFA0,U+2028,
U+000A,U+2003,U+2003,U+2003,U+2003,U+2003,U+2004,U+2008,U+2004,U+2008,U+2008,U+2008,U+2004,U+2004,U+2008,U+2005,U+2004,U+2008,U+2008,U+2008,U+2004,U+2004,U+2006,U+2003,U+2003,U+2003,U+2003,U+2003,U+2003,U+2003,U+2003,U+2003,U+2003,U+2003,U+2003,U+2003,U+2003,U+2003,U+2004,U+2004,U+2004,U+2003,
U+000A,U+2003,U+2003,U+2003,U+2003,U+2003,U+2004,U+2008,U+2004,U+2008,U+2008,U+2008,U+2004,U+2008,U+2008,U+2008,U+2004,U+2008,U+2008,U+2008,U+2004,U+2004,U+2005,U+2003,U+2003,U+2003,U+2003,U+2003,U+2003,U+FFA0,U+2005,U+2005,U+2004,U+2004,U+2004,U+3164,U+2003,U+2003,U+2003,U+2003,U+2003,U+2003,U+3164,U+3164,U+2028,
U+000A,U+2003,U+2003,U+2003,U+2003,U+2003,U+2006,U+2004,U+2004,U+2004,U+2004,U+2004,U+2004,U+2008,U+2008,U+2008,U+2004,U+2008,U+2008,U+2008,U+2004,U+2004,U+2006,U+2003,U+2003,U+2003,U+2003,U+2003,U+2003,U+2005,U+2005,U+2004,U+200A,U+200A,U+200A,U+200A,U+200A,U+200A,U+200A,U+200A,U+200A,U+200A,U+200A,U+200A,U+200A,U+200A,U+200A,U+200A,U+200A,U+2009,U+200A,U+200A,U+200A,U+200A,U+200A,U+200A,U+200A,U+200A,U+FFA0,U+2004,U+2003,U+2003,U+2003,U+2003,U+2003,U+2003,U+2004,U+2004,U+2004,U+2005,U+2005,U+FFA0,U+2029,
U+000A,U+2003,U+2003,U+2003,U+2003,U+2003,U+2006,U+2004,U+2004,U+2004,U+2004,U+2004,U+2004,U+2004,U+2008,U+2004,U+2004,U+2004,U+2004,U+2004,U+2004,U+2005,U+2003,U+2003,U+2003,U+2003,U+2003,U+2003,U+FFA0,U+2004,U+200A,U+200A,U+200A,U+200A,U+2009,U+200A,U+200A,U+200A,U+200A,U+200A,U+200A,U+200A,U+200A,U+200A,U+200A,U+200A,U+200A,U+200A,U+200A,U+200A,U+200A,U+200A,U+200A,U+200A,U+200A,U+200A,U+2004,U+2005,U+2005,U+2003,U+2003,U+2003,U+2003,U+2003,U+2003,U+2004,U+2004,U+2004,U+2005,U+2005,U+FFA0,U+2029,
U+000A,U+2003,U+2003,U+2003,U+2003,U+2003,U+2004,U+2004,U+2004,U+2004,U+2004,U+2004,U+2004,U+2004,U+2004,U+2004,U+2004,U+2004,U+2004,U+2004,U+2004,U+2003,U+2003,U+2003,U+2003,U+2003,U+2003,U+2005,U+2005,U+2004,U+2009,U+200A,U+200A,U+200A,U+200A,U+200A,U+200A,U+200A,U+200A,U+200A,U+200A,U+200A,U+200A,U+200A,U+200A,U+200A,U+200A,U+200A,U+200A,U+200A,U+200A,U+200A,U+200A,U+200A,U+200A,U+200A,U+2004,U+2005,U+2005,U+2003,U+2003,U+2003,U+2003,U+2003,U+2003,U+2004,U+2004,U+2004,U+2004,U+2004,U+2004,U+2028,
U+000A,U+2003,U+2003,U+2003,U+2003,U+2003,U+2004,U+2008,U+2004,U+2008,U+2008,U+2008,U+2004,U+2008,U+2004,U+2004,U+2008,U+2004,U+2004,U+2008,U+2004,U+2004,U+2003,U+2003,U+2003,U+2003,U+2003,U+2003,U+FFA0,U+2004,U+200A,U+200A,U+200A,U+200A,U+200A,U+200A,U+200A,U+200A,U+200A,U+200A,U+200A,U+200A,U+200A,U+200A,U+200A,U+200A,U+200A,U+2009,U+200A,U+200A,U+200A,U+200A,U+200A,U+200A,U+200A,U+200A,U+2004,U+2005,U+2005,U+2003,U+2003,U+2003,U+2003,U+2003,U+2003,U+2004,U+2004,U+2004,U+2004,U+2004,U+2004,U+2029,
U+000A,U+2003,U+2003,U+2003,U+2003,U+2003,U+2004,U+2008,U+2006,U+2004,U+2004,U+2004,U+2004,U+2004,U+2004,U+2008,U+2008,U+2008,U+2004,U+2008,U+2004,U+2005,U+2006,U+2003,U+2003,U+2003,U+2003,U+2003,U+2003,U+2005,U+2005,U+2004,U+200A,U+200A,U+200A,U+200A,U+200A,U+200A,U+200A,U+200A,U+200A,U+200A,U+200A,U+200A,U+200A,U+200A,U+200A,U+200A,U+200A,U+2009,U+200A,U+200A,U+200A,U+200A,U+200A,U+200A,U+200A,U+200A,U+2004,U+2005,U+2005,U+2003,U+2003,U+2003,U+2003,U+2003,U+2003,U+2004,U+2004,U+2004,U+2003,
U+000A,U+2003,U+2003,U+2003,U+2003,U+2003,U+2004,U+2008,U+2004,U+2004,U+2004,U+2004,U+2004,U+2004,U+2004,U+2008,U+2004,U+2004,U+2008,U+2004,U+2004,U+2006,U+2003,U+2003,U+2003,U+2003,U+2003,U+2003,U+3164,U+2004,U+2004,U+2004,U+2004,U+2004,U+2004,U+2003,U+2003,U+2003,U+2003,U+2003,U+2003,U+2004,U+2004,U+2004,U+3164,U+2029,
U+000A,U+2003,U+FFA0,U+FFA0,U+2004,U+2004,U+2004,U+2004,U+2004,U+2004,U+2003,U+2004,U+2004,U+2004,U+2004,U+2004,U+2004,U+2004,U+2004,U+2004,U+2004,U+2004,U+2004,U+2004,U+2004,U+2004,U+2003,U+2003,U+2003,U+2003,U+2003,U+2003,U+2005,U+2005,U+2004,U+2009,U+200A,U+200A,U+200A,U+200A,U+200A,U+200A,U+200A,U+200A,U+200A,U+200A,U+200A,U+200A,U+200A,U+200A,U+200A,U+200A,U+200A,U+200A,U+200A,U+200A,U+200A,U+200A,U+200A,U+200A,U+200A,U+2004,U+2005,U+2005,U+2003,U+2003,U+2003,U+2003,U+2003,U+2003,U+2004,U+2004,U+2004,U+3164,U+2028,
U+000A,U+2003,U+2004,U+2004,U+2004,U+2004,U+2004,U+2004,U+2004,U+2004,U+2004,U+2003,U+2004,U+2004,U+2004,U+2004,U+2004,U+2004,U+2004,U+2004,U+2004,U+2004,U+2004,U+2004,U+2004,U+2004,U+2004,U+2003,U+2003,U+2003,U+2003,U+2003,U+2003,U+2005,U+2005,U+2004,U+200A,U+200A,U+200A,U+200A,U+200A,U+200A,U+200A,U+200A,U+200A,U+200A,U+200A,U+200A,U+200A,U+2009,U+200A,U+200A,U+200A,U+200A,U+200A,U+200A,U+200A,U+200A,U+200A,U+200A,U+200A,U+200A,U+2004,U+2005,U+2005,U+2003,U+2003,U+2003,U+2003,U+2003,U+2003,U+2004,U+2004,U+2004,U+3164,U+2028,
U+000A,U+2003,U+FFA0,U+2005,U+2005,U+2004,U+2004,U+2004,U+2004,U+2004,U+2004,U+2003,U+2004,U+2004,U+2004,U+2004,U+2004,U+2004,U+2004,U+2004,U+2004,U+2004,U+2004,U+2004,U+2004,U+2004,U+2004,U+2003,U+2003,U+2003,U+2003,U+2003,U+2003,U+2005,U+2005,U+2004,U+200A,U+200A,U+200A,U+200A,U+200A,U+200A,U+2009,U+200A,U+200A,U+200A,U+200A,U+200A,U+200A,U+200A,U+200A,U+200A,U+200A,U+200A,U+200A,U+200A,U+200A,U+200A,U+200A,U+200A,U+200A,U+200A,U+2004,U+2005,U+2005,U+2003,U+2003,U+2003,U+2003,U+2003,U+2003,U+2004,U+2004,U+2004,U+3164,U+2029,
U+000A,U+2003,U+2004,U+2004,U+2004,U+2004,U+2004,U+2004,U+2004,U+2004,U+2004,U+2003,U+2004,U+2004,U+2004,U+2004,U+2004,U+2004,U+2004,U+2004,U+2004,U+2004,U+2004,U+2004,U+2004,U+2004,U+2004,U+2003,U+2003,U+2003,U+2003,U+2003,U+2003,U+2005,U+2005,U+2004,U+200A,U+200A,U+200A,U+200A,U+2009,U+200A,U+200A,U+200A,U+200A,U+200A,U+200A,U+200A,U+200A,U+200A,U+200A,U+200A,U+200A,U+200A,U+200A,U+200A,U+200A,U+200A,U+200A,U+200A,U+200A,U+200A,U+2004,U+2005,U+2005,U+2003,U+2003,U+2003,U+2003,U+2003,U+2003,U+2004,U+2004,U+2004,U+3164,U+2029,
U+000A,U+2003,U+FFA0,U+FFA0,U+2004,U+2004,U+2004,U+2004,U+2004,U+2004,U+2003,U+2004,U+2004,U+2004,U+2004,U+3164,U+3164,U+2004,U+2004,U+2004,U+2004,U+2004,U+2003,U+2003,U+2003,U+2003,U+2003,U+2003,U+2004,U+2004,U+2004,U+2004,U+2004,U+2004,U+2004,U+2004,U+2004,U+2003,U+2003,U+2003,U+2003,U+2003,U+2003,U+2004,U+2004,U+2004,U+2003,
U+000A,U+2003,U+2004,U+2004,U+2004,U+2004,U+2004,U+2004,U+2004,U+2004,U+2004,U+2003,U+2003,U+2003,U+2003,U+2003,U+2003,U+2003,U+2003,U+2003,U+2003,U+2003,U+2003,U+2003,U+2003,U+2003,U+2003,U+2003,U+2003,U+2003,U+2003,U+2003,U+2004,U+2004,U+2004,U+2005,U+2005,U+FFA0,U+2028,
U+000A,U+2003,U+FFA0,U+2005,U+2005,U+2004,U+2004,U+2004,U+2004,U+2004,U+2004,U+2004,U+2004,U+2004,U+2004,U+2004,U+2004,U+2004,U+2004,U+2004,U+2004,U+2004,U+2004,U+2004,U+2004,U+2004,U+2004,U+2004,U+2004,U+2003,U+FFA0,U+FFA0,U+FFA0,U+2004,U+2004,U+2004,U+2004,U+2004,U+2004,U+2004,U+2004,U+2004,U+2004,U+2004,U+2004,U+2004,U+2004,U+2004,U+2004,U+2004,U+2004,U+2004,U+2004,U+2004,U+2004,U+2004,U+2004,U+2004,U+2004,U+2004,U+2004,U+2004,U+2004,U+2005,U+2005,U+3164,U+2003,U+2004,U+2004,U+2004,U+3164,U+2029,
U+000A,U+2003,U+2004,U+2004,U+2004,U+2004,U+2004,U+2004,U+2004,U+3000,U+3000,U+3000,U+2004,U+2004,U+2004,U+2004,U+2004,U+2004,U+2004,U+2004,U+3164,U+2003,U+FFA0,U+2005,U+2005,U+FFA0,U+2005,U+2005,U+2004,U+2000,U+2002,U+2000,U+2000,U+2000,U+2000,U+2002,U+2000,U+2004,U+2004,U+2000,U+2002,U+2000,U+2000,U+2002,U+2002,U+2000,U+2000,U+2004,U+2004,U+2004,U+FFA0,U+2005,U+2005,U+2003,U+2004,U+2004,U+2004,U+2005,U+2005,U+FFA0,U+2029,
U+000A,U+2003,U+FFA0,U+2005,U+2005,U+2004,U+2004,U+2004,U+2004,U+3000,U+2004,U+2004,U+2004,U+3000,U+2004,U+2004,U+2004,U+2004,U+2004,U+2004,U+2004,U+2004,U+2004,U+2004,U+2004,U+2003,U+2004,U+2004,U+2004,U+2004,U+2004,U+2004,U+2004,U+2000,U+2002,U+2000,U+2000,U+2002,U+2002,U+2002,U+2002,U+2004,U+2004,U+2000,U+2002,U+2000,U+2000,U+2000,U+2000,U+2002,U+2002,U+2004,U+2004,U+2004,U+3164,U+2003,U+2004,U+2004,U+2004,U+2004,U+2004,U+2004,U+2029,
U+000A,U+2003,U+3164,U+2004,U+2004,U+2004,U+2004,U+3000,U+3000,U+3000,U+2004,U+2004,U+2004,U+2004,U+2004,U+2004,U+2004,U+2004,U+3164,U+2003,U+2004,U+2004,U+2004,U+2004,U+2004,U+2004,U+2004,U+2000,U+2002,U+2000,U+2000,U+2002,U+2000,U+2002,U+2002,U+2004,U+2004,U+2000,U+2002,U+2000,U+2002,U+2000,U+2000,U+2002,U+2002,U+2004,U+2004,U+2004,U+FFA0,U+2005,U+2005,U+2003,U+2004,U+2004,U+2004,U+2005,U+2005,U+FFA0,U+2028,
U+000A,U+2003,U+FFA0,U+2005,U+2005,U+2004,U+2004,U+2004,U+2004,U+2004,U+2004,U+2004,U+2004,U+2004,U+2004,U+2004,U+2004,U+2004,U+2004,U+2004,U+2004,U+2004,U+2004,U+2004,U+2004,U+2004,U+2004,U+2004,U+2004,U+2003,U+2004,U+2004,U+2004,U+2004,U+2004,U+2004,U+2004,U+2004,U+2004,U+2004,U+2004,U+2004,U+2004,U+2004,U+2004,U+2004,U+2004,U+2004,U+2004,U+2004,U+2004,U+2004,U+2004,U+2004,U+2004,U+2004,U+2004,U+2004,U+2004,U+2004,U+2004,U+2004,U+2004,U+2004,U+2004,U+2004,U+FFA0,U+2005,U+2005,U+2003,U+2003,U+2003,
U+000A,U+2003,U+2003,U+2003,U+2003,U+2003,U+2003,U+2003,U+2003,U+2003,U+2003,U+2003,U+2003,U+2003,U+2003,U+2003,U+2003,U+2003,U+2003,U+2003,U+2003,U+2003,U+2003,U+2003,U+2003,U+2003,U+2003,U+2003,
U+000A,U+2003,U+2003,U+2003,U+2003,U+2003,U+2003,U+2003,U+2003,U+2008,U+2008,U+2008,U+2008,U+2008,U+200A,U+200A,U+200A,U+200A,U+200A,U+200A,U+200A,U+2028,U+2028,U+2028,U+2028,U+2007,U+2007,U+2007,U+2007,U+2008,U+2008,U+2008,U+2008,U+2008,U+2008,U+2008,U+2008,U+2008,U+2028,U+2028,U+2028,U+2002,U+2002,U+2002,U+200A,U+2008,U+2008,U+2002,U+2002,U+2002,U+2002,U+2002,U+2002,U+2003,U+2003,U+2003,U+2003,U+2003,U+2003,U+2003,U+2005,U+2006,
U+000A,